FIPS,State,County,Wildfire
1001,AL,Autauga,Medium
1003,AL,Baldwin,High
1005,AL,Barbour,Medium
1007,AL,Bibb,Medium
1009,AL,NA,Low
1011,AL,Bullock,Medium
1013,AL,Butler,Medium
1015,AL,Calhoun,Medium
1017,AL,Chambers,Medium
1019,AL,Cherokee,Medium
1021,AL,Chilton,Medium
1023,AL,Choctaw,Medium
1025,AL,Clarke,Medium
1027,AL,Clay,Medium
1029,AL,Cleburne,Medium
1031,AL,NA,Low
1033,AL,NA,Low
1035,AL,Conecuh,High
1037,AL,Coosa,Medium
1039,AL,Covington,Medium
1041,AL,Crenshaw,Medium
1043,AL,NA,Low
1045,AL,NA,Low
1047,AL,NA,Low
1049,AL,DeKalb,Medium
1051,AL,NA,Low
1053,AL,Escambia,High
1055,AL,NA,Low
1057,AL,Fayette,Medium
1059,AL,NA,Low
1061,AL,NA,Low
1063,AL,NA,Low
1065,AL,NA,Low
1067,AL,NA,Low
1069,AL,NA,Low
1071,AL,NA,Low
1073,AL,Jefferson,Medium
1075,AL,Lamar,Medium
1077,AL,NA,Low
1079,AL,NA,Low
1081,AL,NA,Low
1083,AL,NA,Low
1085,AL,Lowndes,Medium
1087,AL,NA,Low
1089,AL,NA,Low
1091,AL,NA,Low
1093,AL,Marion,Medium
1095,AL,NA,Low
1097,AL,Mobile,High
1099,AL,Monroe,Medium
1101,AL,NA,Low
1103,AL,NA,Low
1105,AL,Perry,Medium
1107,AL,NA,Low
1109,AL,NA,Low
1111,AL,Randolph,Medium
1113,AL,Russell,Medium
1115,AL,NA,Low
1117,AL,NA,Low
1119,AL,NA,Low
1121,AL,Talladega,Medium
1123,AL,NA,Low
1125,AL,NA,Low
1127,AL,Walker,Medium
1129,AL,Washington,High
1131,AL,Wilcox,Medium
1133,AL,NA,Low
2013,AK,NA,NA
2016,AK,NA,NA
2020,AK,NA,NA
2050,AK,NA,NA
2060,AK,NA,NA
2068,AK,NA,NA
2070,AK,NA,NA
2090,AK,NA,NA
2100,AK,NA,NA
2110,AK,NA,NA
2122,AK,NA,NA
2130,AK,NA,NA
2150,AK,NA,NA
2164,AK,NA,NA
2170,AK,NA,NA
2180,AK,NA,NA
2185,AK,NA,NA
2188,AK,NA,NA
2201,AK,NA,NA
2220,AK,NA,NA
2232,AK,NA,NA
2240,AK,NA,NA
2261,AK,NA,NA
2270,AK,NA,NA
2280,AK,NA,NA
2282,AK,NA,NA
2290,AK,NA,NA
4001,AZ,Apache,Medium
4003,AZ,Cochise,Medium
4005,AZ,Coconino,Medium
4007,AZ,Gila,High
4009,AZ,Graham,High
4011,AZ,Greenlee,High
4012,AZ,NA,Low
4013,AZ,Maricopa,Medium
4015,AZ,Mohave,Medium
4017,AZ,Navajo,Medium
4019,AZ,Pima,Medium
4021,AZ,Pinal,High
4023,AZ,Santa Cruz,High
4025,AZ,Yavapai,High
4027,AZ,NA,Low
5001,AR,NA,Low
5003,AR,NA,Low
5005,AR,NA,Low
5007,AR,Benton,Medium
5009,AR,NA,Low
5011,AR,Bradley,Medium
5013,AR,Calhoun,High
5015,AR,NA,Low
5017,AR,NA,Low
5019,AR,Clark,Medium
5021,AR,NA,Low
5023,AR,NA,Low
5025,AR,Cleveland,Medium
5027,AR,Columbia,High
5029,AR,NA,Low
5031,AR,NA,Low
5033,AR,Crawford,Medium
5035,AR,NA,Low
5037,AR,NA,Low
5039,AR,Dallas,High
5041,AR,NA,Low
5043,AR,NA,Low
5045,AR,NA,Low
5047,AR,Franklin,Medium
5049,AR,NA,Low
5051,AR,NA,Low
5053,AR,Grant,High
5055,AR,NA,Low
5057,AR,Hempstead,Medium
5059,AR,Hot Spring,Medium
5061,AR,NA,Low
5063,AR,NA,Low
5065,AR,NA,Low
5067,AR,NA,Low
5069,AR,NA,Low
5071,AR,NA,Low
5073,AR,Lafayette,Medium
5075,AR,NA,Low
5077,AR,NA,Low
5079,AR,NA,Low
5081,AR,NA,Low
5083,AR,NA,Low
5085,AR,NA,Low
5087,AR,NA,Low
5089,AR,NA,Low
5091,AR,Miller,Medium
5093,AR,NA,Low
5095,AR,NA,Low
5097,AR,NA,Low
5099,AR,Nevada,High
5101,AR,NA,Low
5103,AR,Ouachita,High
5105,AR,NA,Low
5107,AR,NA,Low
5109,AR,NA,Low
5111,AR,NA,Low
5113,AR,NA,Low
5115,AR,NA,Low
5117,AR,NA,Low
5119,AR,NA,Low
5121,AR,NA,Low
5123,AR,NA,Low
5125,AR,Saline,Medium
5127,AR,NA,Low
5129,AR,NA,Low
5131,AR,Sebastian,Medium
5133,AR,Sevier,Medium
5135,AR,NA,Low
5137,AR,NA,Low
5139,AR,Union,Medium
5141,AR,NA,Low
5143,AR,Washington,Medium
5145,AR,NA,Low
5147,AR,NA,Low
5149,AR,NA,Low
6001,CA,Alameda,Medium
6003,CA,Alpine,High
6005,CA,Amador,High
6007,CA,Butte,High
6009,CA,Calaveras,High
6011,CA,Colusa,Medium
6013,CA,NA,Low
6015,CA,Del Norte,High
6017,CA,El Dorado,High
6019,CA,Fresno,Medium
6021,CA,Glenn,High
6023,CA,Humboldt,High
6025,CA,NA,Low
6027,CA,NA,Low
6029,CA,Kern,Medium
6031,CA,NA,Low
6033,CA,Lake,High
6035,CA,Lassen,High
6037,CA,Los Angeles,High
6039,CA,Madera,High
6041,CA,Marin,High
6043,CA,Mariposa,High
6045,CA,Mendocino,High
6047,CA,Merced,High
6049,CA,Modoc,High
6051,CA,Mono,High
6053,CA,Monterey,High
6055,CA,Napa,High
6057,CA,Nevada,High
6059,CA,Orange,Medium
6061,CA,Placer,High
6063,CA,Plumas,High
6065,CA,Riverside,Medium
6067,CA,NA,Low
6069,CA,San Benito,High
6071,CA,NA,Low
6073,CA,San Diego,High
6075,CA,NA,Low
6077,CA,NA,Low
6079,CA,San Luis Obispo,High
6081,CA,San Mateo,High
6083,CA,Santa Barbara,High
6085,CA,Santa Clara,High
6087,CA,Santa Cruz,High
6089,CA,Shasta,High
6091,CA,Sierra,High
6093,CA,Siskiyou,High
6095,CA,NA,Low
6097,CA,Sonoma,High
6099,CA,Stanislaus,High
6101,CA,NA,Low
6103,CA,Tehama,High
6105,CA,Trinity,High
6107,CA,Tulare,High
6109,CA,Tuolumne,High
6111,CA,Ventura,High
6113,CA,NA,Low
6115,CA,Yuba,High
8001,CO,NA,Low
8003,CO,NA,Low
8005,CO,NA,Low
8007,CO,Archuleta,High
8009,CO,NA,Low
8011,CO,NA,Low
8013,CO,Boulder,Medium
8015,CO,NA,Low
8017,CO,NA,Low
8019,CO,NA,Low
8021,CO,NA,Low
8023,CO,NA,Low
8025,CO,NA,Low
8027,CO,NA,Low
8029,CO,Delta,Medium
8031,CO,NA,Low
8033,CO,Dolores,Medium
8035,CO,Douglas,Medium
8037,CO,Eagle,Medium
8039,CO,NA,Low
8041,CO,NA,Low
8043,CO,NA,Low
8045,CO,Garfield,High
8047,CO,NA,Low
8049,CO,NA,Low
8051,CO,NA,Low
8053,CO,Hinsdale,Medium
8055,CO,NA,Low
8057,CO,NA,Low
8059,CO,Jefferson,Medium
8061,CO,NA,Low
8063,CO,NA,Low
8065,CO,NA,Low
8067,CO,La Plata,High
8069,CO,NA,Low
8071,CO,NA,Low
8073,CO,NA,Low
8075,CO,NA,Low
8077,CO,Mesa,High
8079,CO,Mineral,Medium
8081,CO,Moffat,Medium
8083,CO,Montezuma,High
8085,CO,Montrose,High
8087,CO,NA,Low
8089,CO,NA,Low
8091,CO,Ouray,Medium
8093,CO,NA,Low
8095,CO,NA,Low
8097,CO,NA,Low
8099,CO,NA,Low
8101,CO,NA,Low
8103,CO,Rio Blanco,High
8105,CO,NA,Low
8107,CO,Routt,Medium
8109,CO,NA,Low
8111,CO,NA,Low
8113,CO,San Miguel,Medium
8115,CO,NA,Low
8117,CO,NA,Low
8119,CO,Teller,High
8121,CO,NA,Low
8123,CO,NA,Low
8125,CO,NA,Low
9001,CT,NA,Low
9003,CT,NA,Low
9005,CT,NA,Low
9007,CT,NA,Low
9009,CT,NA,Low
9011,CT,NA,Low
9013,CT,NA,Low
9015,CT,NA,Low
10001,DE,NA,Low
10003,DE,NA,Low
10005,DE,NA,Low
11001,DC,NA,Low
12001,FL,Alachua,High
12003,FL,Baker,High
12005,FL,Bay,High
12007,FL,Bradford,High
12009,FL,Brevard,High
12011,FL,Broward,High
12013,FL,Calhoun,High
12015,FL,Charlotte,High
12017,FL,Citrus,High
12019,FL,Clay,High
12021,FL,Collier,High
12023,FL,Columbia,High
12025,FL,Miami-Dade,High
12027,FL,DeSoto,Medium
12029,FL,Dixie,High
12031,FL,Duval,Medium
12033,FL,Escambia,High
12035,FL,Flagler,High
12037,FL,Franklin,High
12039,FL,Gadsden,High
12041,FL,Gilchrist,High
12043,FL,Glades,High
12045,FL,Gulf,High
12047,FL,Hamilton,High
12049,FL,Hardee,High
12051,FL,Hendry,High
12053,FL,Hernando,Medium
12055,FL,Highlands,High
12057,FL,NA,Low
12059,FL,Holmes,Medium
12061,FL,Indian River,Medium
12063,FL,Jackson,Medium
12065,FL,Jefferson,Medium
12067,FL,Lafayette,High
12069,FL,Lake,High
12071,FL,Lee,Medium
12073,FL,Leon,Medium
12075,FL,Levy,High
12077,FL,Liberty,High
12079,FL,Madison,High
12081,FL,Manatee,Medium
12083,FL,Marion,High
12085,FL,Martin,Medium
12087,FL,Monroe,Medium
12089,FL,Nassau,High
12091,FL,Okaloosa,High
12093,FL,Okeechobee,High
12095,FL,Orange,Medium
12097,FL,Osceola,High
12099,FL,NA,Low
12101,FL,Pasco,Medium
12103,FL,NA,Low
12105,FL,Polk,High
12107,FL,Putnam,High
12109,FL,St. Johns,High
12111,FL,NA,Low
12113,FL,Santa Rosa,High
12115,FL,Sarasota,High
12117,FL,Seminole,Medium
12119,FL,Sumter,Medium
12121,FL,Suwannee,High
12123,FL,Taylor,High
12125,FL,Union,High
12127,FL,Volusia,High
12129,FL,Wakulla,High
12131,FL,Walton,High
12133,FL,Washington,High
13001,GA,Appling,High
13003,GA,Atkinson,High
13005,GA,Bacon,High
13007,GA,Baker,Medium
13009,GA,Baldwin,Medium
13011,GA,Banks,Medium
13013,GA,NA,Low
13015,GA,Bartow,Medium
13017,GA,Ben Hill,High
13019,GA,Berrien,High
13021,GA,NA,Low
13023,GA,Bleckley,High
13025,GA,Brantley,High
13027,GA,Brooks,High
13029,GA,Bryan,High
13031,GA,Bulloch,Medium
13033,GA,Burke,High
13035,GA,Butts,Medium
13037,GA,NA,Low
13039,GA,Camden,High
13043,GA,Candler,High
13045,GA,Carroll,Medium
13047,GA,Catoosa,Medium
13049,GA,Charlton,High
13051,GA,Chatham,High
13053,GA,Chattahoochee,High
13055,GA,Chattooga,High
13057,GA,NA,Low
13059,GA,NA,Low
13061,GA,Clay,Medium
13063,GA,NA,Low
13065,GA,Clinch,High
13067,GA,NA,Low
13069,GA,Coffee,High
13071,GA,Colquitt,Medium
13073,GA,Columbia,Medium
13075,GA,NA,Low
13077,GA,Coweta,Medium
13079,GA,Crawford,High
13081,GA,NA,Low
13083,GA,Dade,High
13085,GA,NA,Low
13087,GA,Decatur,High
13089,GA,NA,Low
13091,GA,Dodge,High
13093,GA,NA,Low
13095,GA,Dougherty,Medium
13097,GA,NA,Low
13099,GA,Early,Medium
13101,GA,Echols,High
13103,GA,Effingham,High
13105,GA,Elbert,Medium
13107,GA,Emanuel,High
13109,GA,Evans,High
13111,GA,NA,Low
13113,GA,NA,Low
13115,GA,Floyd,High
13117,GA,NA,Low
13119,GA,Franklin,Medium
13121,GA,NA,Low
13123,GA,NA,Low
13125,GA,Glascock,High
13127,GA,Glynn,High
13129,GA,Gordon,Medium
13131,GA,Grady,High
13133,GA,Greene,Medium
13135,GA,NA,Low
13137,GA,Habersham,Medium
13139,GA,NA,Low
13141,GA,Hancock,High
13143,GA,Haralson,Medium
13145,GA,Harris,Medium
13147,GA,Hart,Medium
13149,GA,Heard,Medium
13151,GA,NA,Low
13153,GA,Houston,Medium
13155,GA,NA,Low
13157,GA,NA,Low
13159,GA,Jasper,Medium
13161,GA,Jeff Davis,High
13163,GA,Jefferson,High
13165,GA,Jenkins,High
13167,GA,Johnson,High
13169,GA,Jones,Medium
13171,GA,Lamar,Medium
13173,GA,Lanier,High
13175,GA,Laurens,High
13177,GA,Lee,Medium
13179,GA,Liberty,High
13181,GA,NA,Low
13183,GA,Long,High
13185,GA,Lowndes,High
13187,GA,NA,Low
13189,GA,McDuffie,High
13191,GA,McIntosh,High
13193,GA,Macon,High
13195,GA,NA,Low
13197,GA,Marion,High
13199,GA,Meriwether,Medium
13201,GA,NA,Low
13205,GA,Mitchell,Medium
13207,GA,Monroe,Medium
13209,GA,Montgomery,High
13211,GA,NA,Low
13213,GA,Murray,Medium
13215,GA,NA,Low
13217,GA,Newton,Medium
13219,GA,NA,Low
13221,GA,Oglethorpe,Medium
13223,GA,NA,Low
13225,GA,Peach,Medium
13227,GA,NA,Low
13229,GA,Pierce,High
13231,GA,Pike,Medium
13233,GA,Polk,High
13235,GA,NA,Low
13237,GA,NA,Low
13239,GA,Quitman,High
13241,GA,NA,Low
13243,GA,Randolph,High
13245,GA,Richmond,Medium
13247,GA,NA,Low
13249,GA,Schley,High
13251,GA,Screven,High
13253,GA,NA,Low
13255,GA,Spalding,Medium
13257,GA,NA,Low
13259,GA,Stewart,High
13261,GA,Sumter,Medium
13263,GA,Talbot,High
13265,GA,Taliaferro,Medium
13267,GA,Tattnall,High
13269,GA,Taylor,High
13271,GA,Telfair,High
13273,GA,NA,Low
13275,GA,Thomas,High
13277,GA,NA,Low
13279,GA,Toombs,High
13281,GA,NA,Low
13283,GA,Treutlen,High
13285,GA,NA,Low
13287,GA,Turner,Medium
13289,GA,Twiggs,High
13291,GA,NA,Low
13293,GA,Upson,High
13295,GA,Walker,High
13297,GA,NA,Low
13299,GA,Ware,High
13301,GA,Warren,High
13303,GA,Washington,High
13305,GA,Wayne,High
13307,GA,Webster,High
13309,GA,Wheeler,High
13311,GA,White,Medium
13313,GA,Whitfield,Medium
13315,GA,Wilcox,High
13317,GA,Wilkes,Medium
13319,GA,Wilkinson,High
13321,GA,Worth,Medium
15001,HI,NA,NA
15003,HI,NA,NA
15007,HI,NA,NA
15009,HI,NA,NA
16001,ID,Ada,High
16003,ID,Adams,High
16005,ID,Bannock,High
16007,ID,Bear Lake,Medium
16009,ID,Benewah,High
16011,ID,Bingham,Medium
16013,ID,Blaine,High
16015,ID,Boise,High
16017,ID,Bonner,High
16019,ID,NA,Low
16021,ID,Boundary,High
16023,ID,Butte,Medium
16025,ID,Camas,High
16027,ID,NA,Low
16029,ID,Caribou,Medium
16031,ID,Cassia,High
16033,ID,Clark,Medium
16035,ID,Clearwater,High
16037,ID,Custer,High
16039,ID,Elmore,High
16041,ID,Franklin,Medium
16043,ID,Fremont,Medium
16045,ID,Gem,High
16047,ID,Gooding,High
16049,ID,Idaho,High
16051,ID,NA,Low
16053,ID,Jerome,Medium
16055,ID,Kootenai,High
16057,ID,Latah,Medium
16059,ID,Lemhi,High
16061,ID,NA,Low
16063,ID,Lincoln,High
16065,ID,NA,Low
16067,ID,NA,Low
16069,ID,NA,Low
16071,ID,Oneida,High
16073,ID,Owyhee,High
16075,ID,Payette,High
16077,ID,Power,High
16079,ID,Shoshone,High
16081,ID,NA,Low
16083,ID,Twin Falls,High
16085,ID,Valley,High
16087,ID,Washington,High
17001,IL,NA,Low
17003,IL,NA,Low
17005,IL,NA,Low
17007,IL,NA,Low
17009,IL,NA,Low
17011,IL,NA,Low
17013,IL,NA,Low
17015,IL,NA,Low
17017,IL,NA,Low
17019,IL,NA,Low
17021,IL,NA,Low
17023,IL,NA,Low
17025,IL,NA,Low
17027,IL,NA,Low
17029,IL,NA,Low
17031,IL,NA,Low
17033,IL,NA,Low
17035,IL,NA,Low
17037,IL,NA,Low
17039,IL,NA,Low
17041,IL,NA,Low
17043,IL,NA,Low
17045,IL,NA,Low
17047,IL,NA,Low
17049,IL,NA,Low
17051,IL,NA,Low
17053,IL,NA,Low
17055,IL,NA,Low
17057,IL,NA,Low
17059,IL,NA,Low
17061,IL,NA,Low
17063,IL,NA,Low
17065,IL,NA,Low
17067,IL,NA,Low
17069,IL,NA,Low
17071,IL,NA,Low
17073,IL,NA,Low
17075,IL,NA,Low
17077,IL,NA,Low
17079,IL,NA,Low
17081,IL,NA,Low
17083,IL,NA,Low
17085,IL,NA,Low
17087,IL,NA,Low
17089,IL,NA,Low
17091,IL,NA,Low
17093,IL,NA,Low
17095,IL,NA,Low
17097,IL,NA,Low
17099,IL,NA,Low
17101,IL,NA,Low
17103,IL,NA,Low
17105,IL,NA,Low
17107,IL,NA,Low
17109,IL,NA,Low
17111,IL,NA,Low
17113,IL,NA,Low
17115,IL,NA,Low
17117,IL,NA,Low
17119,IL,NA,Low
17121,IL,NA,Low
17123,IL,NA,Low
17125,IL,NA,Low
17127,IL,NA,Low
17129,IL,NA,Low
17131,IL,NA,Low
17133,IL,NA,Low
17135,IL,NA,Low
17137,IL,NA,Low
17139,IL,NA,Low
17141,IL,NA,Low
17143,IL,NA,Low
17145,IL,NA,Low
17147,IL,NA,Low
17149,IL,NA,Low
17151,IL,NA,Low
17153,IL,NA,Low
17155,IL,NA,Low
17157,IL,NA,Low
17159,IL,NA,Low
17161,IL,NA,Low
17163,IL,NA,Low
17165,IL,NA,Low
17167,IL,NA,Low
17169,IL,NA,Low
17171,IL,NA,Low
17173,IL,NA,Low
17175,IL,NA,Low
17177,IL,NA,Low
17179,IL,NA,Low
17181,IL,NA,Low
17183,IL,NA,Low
17185,IL,NA,Low
17187,IL,NA,Low
17189,IL,NA,Low
17191,IL,NA,Low
17193,IL,NA,Low
17195,IL,NA,Low
17197,IL,NA,Low
17199,IL,NA,Low
17201,IL,NA,Low
17203,IL,NA,Low
18001,IN,NA,Low
18003,IN,NA,Low
18005,IN,NA,Low
18007,IN,NA,Low
18009,IN,NA,Low
18011,IN,NA,Low
18013,IN,NA,Low
18015,IN,NA,Low
18017,IN,NA,Low
18019,IN,NA,Low
18021,IN,NA,Low
18023,IN,NA,Low
18025,IN,NA,Low
18027,IN,NA,Low
18029,IN,NA,Low
18031,IN,NA,Low
18033,IN,NA,Low
18035,IN,NA,Low
18037,IN,NA,Low
18039,IN,NA,Low
18041,IN,NA,Low
18043,IN,NA,Low
18045,IN,NA,Low
18047,IN,NA,Low
18049,IN,NA,Low
18051,IN,NA,Low
18053,IN,NA,Low
18055,IN,NA,Low
18057,IN,NA,Low
18059,IN,NA,Low
18061,IN,NA,Low
18063,IN,NA,Low
18065,IN,NA,Low
18067,IN,NA,Low
18069,IN,NA,Low
18071,IN,NA,Low
18073,IN,NA,Low
18075,IN,NA,Low
18077,IN,NA,Low
18079,IN,NA,Low
18081,IN,NA,Low
18083,IN,NA,Low
18085,IN,NA,Low
18087,IN,NA,Low
18089,IN,NA,Low
18091,IN,NA,Low
18093,IN,NA,Low
18095,IN,NA,Low
18097,IN,NA,Low
18099,IN,NA,Low
18101,IN,NA,Low
18103,IN,NA,Low
18105,IN,NA,Low
18107,IN,NA,Low
18109,IN,NA,Low
18111,IN,NA,Low
18113,IN,NA,Low
18115,IN,NA,Low
18117,IN,NA,Low
18119,IN,NA,Low
18121,IN,NA,Low
18123,IN,NA,Low
18125,IN,NA,Low
18127,IN,NA,Low
18129,IN,NA,Low
18131,IN,NA,Low
18133,IN,NA,Low
18135,IN,NA,Low
18137,IN,NA,Low
18139,IN,NA,Low
18141,IN,NA,Low
18143,IN,NA,Low
18145,IN,NA,Low
18147,IN,NA,Low
18149,IN,NA,Low
18151,IN,NA,Low
18153,IN,NA,Low
18155,IN,NA,Low
18157,IN,NA,Low
18159,IN,NA,Low
18161,IN,NA,Low
18163,IN,NA,Low
18165,IN,NA,Low
18167,IN,NA,Low
18169,IN,NA,Low
18171,IN,NA,Low
18173,IN,NA,Low
18175,IN,NA,Low
18177,IN,NA,Low
18179,IN,NA,Low
18181,IN,NA,Low
18183,IN,NA,Low
19001,IA,NA,Low
19003,IA,NA,Low
19005,IA,NA,Low
19007,IA,NA,Low
19009,IA,NA,Low
19011,IA,NA,Low
19013,IA,NA,Low
19015,IA,NA,Low
19017,IA,NA,Low
19019,IA,NA,Low
19021,IA,NA,Low
19023,IA,NA,Low
19025,IA,NA,Low
19027,IA,NA,Low
19029,IA,NA,Low
19031,IA,NA,Low
19033,IA,NA,Low
19035,IA,NA,Low
19037,IA,NA,Low
19039,IA,NA,Low
19041,IA,NA,Low
19043,IA,NA,Low
19045,IA,NA,Low
19047,IA,NA,Low
19049,IA,NA,Low
19051,IA,NA,Low
19053,IA,NA,Low
19055,IA,NA,Low
19057,IA,NA,Low
19059,IA,NA,Low
19061,IA,NA,Low
19063,IA,NA,Low
19065,IA,NA,Low
19067,IA,NA,Low
19069,IA,NA,Low
19071,IA,NA,Low
19073,IA,NA,Low
19075,IA,NA,Low
19077,IA,NA,Low
19079,IA,NA,Low
19081,IA,NA,Low
19083,IA,NA,Low
19085,IA,NA,Low
19087,IA,NA,Low
19089,IA,NA,Low
19091,IA,NA,Low
19093,IA,NA,Low
19095,IA,NA,Low
19097,IA,NA,Low
19099,IA,NA,Low
19101,IA,NA,Low
19103,IA,NA,Low
19105,IA,NA,Low
19107,IA,NA,Low
19109,IA,NA,Low
19111,IA,NA,Low
19113,IA,NA,Low
19115,IA,NA,Low
19117,IA,NA,Low
19119,IA,NA,Low
19121,IA,NA,Low
19123,IA,NA,Low
19125,IA,NA,Low
19127,IA,NA,Low
19129,IA,NA,Low
19131,IA,NA,Low
19133,IA,NA,Low
19135,IA,NA,Low
19137,IA,NA,Low
19139,IA,NA,Low
19141,IA,NA,Low
19143,IA,NA,Low
19145,IA,NA,Low
19147,IA,NA,Low
19149,IA,NA,Low
19151,IA,NA,Low
19153,IA,NA,Low
19155,IA,NA,Low
19157,IA,NA,Low
19159,IA,NA,Low
19161,IA,NA,Low
19163,IA,NA,Low
19165,IA,NA,Low
19167,IA,NA,Low
19169,IA,NA,Low
19171,IA,NA,Low
19173,IA,NA,Low
19175,IA,NA,Low
19177,IA,NA,Low
19179,IA,NA,Low
19181,IA,NA,Low
19183,IA,NA,Low
19185,IA,NA,Low
19187,IA,NA,Low
19189,IA,NA,Low
19191,IA,NA,Low
19193,IA,NA,Low
19195,IA,NA,Low
19197,IA,NA,Low
20001,KS,NA,Low
20003,KS,NA,Low
20005,KS,NA,Low
20007,KS,NA,Low
20009,KS,NA,Low
20011,KS,NA,Low
20013,KS,NA,Low
20015,KS,Butler,Medium
20017,KS,Chase,High
20019,KS,Chautauqua,High
20021,KS,NA,Low
20023,KS,NA,Low
20025,KS,NA,Low
20027,KS,NA,Low
20029,KS,NA,Low
20031,KS,NA,Low
20033,KS,Comanche,Medium
20035,KS,Cowley,Medium
20037,KS,NA,Low
20039,KS,NA,Low
20041,KS,NA,Low
20043,KS,NA,Low
20045,KS,NA,Low
20047,KS,NA,Low
20049,KS,Elk,Medium
20051,KS,NA,Low
20053,KS,Ellsworth,Medium
20055,KS,NA,Low
20057,KS,NA,Low
20059,KS,NA,Low
20061,KS,Geary,Medium
20063,KS,NA,Low
20065,KS,NA,Low
20067,KS,NA,Low
20069,KS,NA,Low
20071,KS,NA,Low
20073,KS,Greenwood,Medium
20075,KS,NA,Low
20077,KS,NA,Low
20079,KS,NA,Low
20081,KS,NA,Low
20083,KS,NA,Low
20085,KS,NA,Low
20087,KS,NA,Low
20089,KS,NA,Low
20091,KS,NA,Low
20093,KS,NA,Low
20095,KS,NA,Low
20097,KS,NA,Low
20099,KS,NA,Low
20101,KS,NA,Low
20103,KS,NA,Low
20105,KS,NA,Low
20107,KS,NA,Low
20109,KS,NA,Low
20111,KS,Lyon,Medium
20113,KS,NA,Low
20115,KS,NA,Low
20117,KS,NA,Low
20119,KS,NA,Low
20121,KS,NA,Low
20123,KS,NA,Low
20125,KS,NA,Low
20127,KS,Morris,Medium
20129,KS,NA,Low
20131,KS,NA,Low
20133,KS,NA,Low
20135,KS,NA,Low
20137,KS,NA,Low
20139,KS,NA,Low
20141,KS,NA,Low
20143,KS,NA,Low
20145,KS,NA,Low
20147,KS,NA,Low
20149,KS,Pottawatomie,Medium
20151,KS,NA,Low
20153,KS,NA,Low
20155,KS,NA,Low
20157,KS,NA,Low
20159,KS,NA,Low
20161,KS,NA,Low
20163,KS,NA,Low
20165,KS,NA,Low
20167,KS,NA,Low
20169,KS,NA,Low
20171,KS,NA,Low
20173,KS,NA,Low
20175,KS,NA,Low
20177,KS,NA,Low
20179,KS,NA,Low
20181,KS,NA,Low
20183,KS,NA,Low
20185,KS,NA,Low
20187,KS,NA,Low
20189,KS,NA,Low
20191,KS,NA,Low
20193,KS,NA,Low
20195,KS,NA,Low
20197,KS,Wabaunsee,Medium
20199,KS,NA,Low
20201,KS,NA,Low
20203,KS,NA,Low
20205,KS,NA,Low
20207,KS,NA,Low
20209,KS,NA,Low
21001,KY,NA,Low
21003,KY,NA,Low
21005,KY,NA,Low
21007,KY,NA,Low
21009,KY,NA,Low
21011,KY,NA,Low
21013,KY,NA,Low
21015,KY,NA,Low
21017,KY,NA,Low
21019,KY,NA,Low
21021,KY,NA,Low
21023,KY,NA,Low
21025,KY,NA,Low
21027,KY,NA,Low
21029,KY,NA,Low
21031,KY,NA,Low
21033,KY,NA,Low
21035,KY,NA,Low
21037,KY,NA,Low
21039,KY,NA,Low
21041,KY,NA,Low
21043,KY,NA,Low
21045,KY,NA,Low
21047,KY,NA,Low
21049,KY,NA,Low
21051,KY,NA,Low
21053,KY,NA,Low
21055,KY,NA,Low
21057,KY,NA,Low
21059,KY,NA,Low
21061,KY,NA,Low
21063,KY,NA,Low
21065,KY,NA,Low
21067,KY,NA,Low
21069,KY,NA,Low
21071,KY,NA,Low
21073,KY,NA,Low
21075,KY,NA,Low
21077,KY,NA,Low
21079,KY,Garrard,Medium
21081,KY,NA,Low
21083,KY,NA,Low
21085,KY,NA,Low
21087,KY,NA,Low
21089,KY,NA,Low
21091,KY,NA,Low
21093,KY,NA,Low
21095,KY,NA,Low
21097,KY,NA,Low
21099,KY,NA,Low
21101,KY,NA,Low
21103,KY,NA,Low
21105,KY,NA,Low
21107,KY,NA,Low
21109,KY,Jackson,High
21111,KY,NA,Low
21113,KY,NA,Low
21115,KY,NA,Low
21117,KY,NA,Low
21119,KY,NA,Low
21121,KY,Knox,Medium
21123,KY,NA,Low
21125,KY,Laurel,High
21127,KY,Lawrence,Medium
21129,KY,Lee,Medium
21131,KY,NA,Low
21133,KY,NA,Low
21135,KY,NA,Low
21137,KY,NA,Low
21139,KY,NA,Low
21141,KY,NA,Low
21143,KY,NA,Low
21145,KY,NA,Low
21147,KY,NA,Low
21149,KY,NA,Low
21151,KY,Madison,Medium
21153,KY,NA,Low
21155,KY,NA,Low
21157,KY,NA,Low
21159,KY,NA,Low
21161,KY,NA,Low
21163,KY,NA,Low
21165,KY,NA,Low
21167,KY,NA,Low
21169,KY,NA,Low
21171,KY,NA,Low
21173,KY,NA,Low
21175,KY,Morgan,Medium
21177,KY,NA,Low
21179,KY,NA,Low
21181,KY,NA,Low
21183,KY,NA,Low
21185,KY,NA,Low
21187,KY,NA,Low
21189,KY,Owsley,Medium
21191,KY,NA,Low
21193,KY,NA,Low
21195,KY,NA,Low
21197,KY,NA,Low
21199,KY,NA,Low
21201,KY,NA,Low
21203,KY,Rockcastle,Medium
21205,KY,NA,Low
21207,KY,NA,Low
21209,KY,NA,Low
21211,KY,NA,Low
21213,KY,NA,Low
21215,KY,NA,Low
21217,KY,NA,Low
21219,KY,NA,Low
21221,KY,NA,Low
21223,KY,NA,Low
21225,KY,NA,Low
21227,KY,NA,Low
21229,KY,NA,Low
21231,KY,NA,Low
21233,KY,NA,Low
21235,KY,Whitley,Medium
21237,KY,Wolfe,Medium
21239,KY,NA,Low
22001,LA,NA,Low
22003,LA,Allen,High
22005,LA,NA,Low
22007,LA,NA,Low
22009,LA,NA,Low
22011,LA,Beauregard,High
22013,LA,Bienville,Medium
22015,LA,Bossier,Medium
22017,LA,NA,Low
22019,LA,Calcasieu,Medium
22021,LA,Caldwell,Medium
22023,LA,Cameron,High
22025,LA,NA,Low
22027,LA,Claiborne,High
22029,LA,NA,Low
22031,LA,NA,Low
22033,LA,NA,Low
22035,LA,NA,Low
22037,LA,East Feliciana,Medium
22039,LA,NA,Low
22041,LA,NA,Low
22043,LA,Grant,High
22045,LA,NA,Low
22047,LA,NA,Low
22049,LA,NA,Low
22051,LA,Jefferson,Medium
22053,LA,NA,Low
22055,LA,NA,Low
22057,LA,Lafourche,Medium
22059,LA,La Salle,High
22061,LA,NA,Low
22063,LA,Livingston,Medium
22065,LA,NA,Low
22067,LA,NA,Low
22069,LA,Natchitoches,Medium
22071,LA,NA,Low
22073,LA,NA,Low
22075,LA,Plaquemines,Medium
22077,LA,NA,Low
22079,LA,Rapides,Medium
22081,LA,NA,Low
22083,LA,NA,Low
22085,LA,Sabine,Medium
22087,LA,St. Bernard,High
22089,LA,St. Charles,Medium
22091,LA,St. Helena,High
22093,LA,NA,Low
22095,LA,NA,Low
22097,LA,NA,Low
22099,LA,NA,Low
22101,LA,NA,Low
22103,LA,St. Tammany,High
22105,LA,Tangipahoa,High
22107,LA,NA,Low
22109,LA,NA,Low
22111,LA,NA,Low
22113,LA,Vermilion,Medium
22115,LA,Vernon,High
22117,LA,Washington,High
22119,LA,Webster,Medium
22121,LA,NA,Low
22123,LA,NA,Low
22125,LA,NA,Low
22127,LA,Winn,High
23001,ME,NA,Low
23003,ME,NA,Low
23005,ME,NA,Low
23007,ME,NA,Low
23009,ME,NA,Low
23011,ME,NA,Low
23013,ME,NA,Low
23015,ME,NA,Low
23017,ME,NA,Low
23019,ME,NA,Low
23021,ME,NA,Low
23023,ME,NA,Low
23025,ME,NA,Low
23027,ME,NA,Low
23029,ME,NA,Low
23031,ME,NA,Low
24001,MD,NA,Low
24003,MD,NA,Low
24005,MD,NA,Low
24009,MD,NA,Low
24011,MD,NA,Low
24013,MD,NA,Low
24015,MD,NA,Low
24017,MD,NA,Low
24019,MD,NA,Low
24021,MD,NA,Low
24023,MD,NA,Low
24025,MD,NA,Low
24027,MD,NA,Low
24029,MD,NA,Low
24031,MD,NA,Low
24033,MD,NA,Low
24035,MD,NA,Low
24037,MD,NA,Low
24039,MD,NA,Low
24041,MD,NA,Low
24043,MD,NA,Low
24045,MD,NA,Low
24047,MD,NA,Low
24510,MD,NA,Low
25001,MA,NA,Low
25003,MA,NA,Low
25005,MA,NA,Low
25007,MA,NA,Low
25009,MA,NA,Low
25011,MA,NA,Low
25013,MA,NA,Low
25015,MA,NA,Low
25017,MA,NA,Low
25019,MA,NA,Low
25021,MA,NA,Low
25023,MA,NA,Low
25025,MA,NA,Low
25027,MA,NA,Low
26001,MI,NA,Low
26003,MI,NA,Low
26005,MI,NA,Low
26007,MI,NA,Low
26009,MI,NA,Low
26011,MI,NA,Low
26013,MI,NA,Low
26015,MI,NA,Low
26017,MI,NA,Low
26019,MI,NA,Low
26021,MI,NA,Low
26023,MI,NA,Low
26025,MI,NA,Low
26027,MI,NA,Low
26029,MI,NA,Low
26031,MI,NA,Low
26033,MI,NA,Low
26035,MI,NA,Low
26037,MI,NA,Low
26039,MI,Crawford,Medium
26041,MI,NA,Low
26043,MI,NA,Low
26045,MI,NA,Low
26047,MI,NA,Low
26049,MI,NA,Low
26051,MI,NA,Low
26053,MI,NA,Low
26055,MI,NA,Low
26057,MI,NA,Low
26059,MI,NA,Low
26061,MI,NA,Low
26063,MI,NA,Low
26065,MI,NA,Low
26067,MI,NA,Low
26069,MI,Iosco,Medium
26071,MI,NA,Low
26073,MI,NA,Low
26075,MI,NA,Low
26077,MI,NA,Low
26079,MI,NA,Low
26081,MI,NA,Low
26083,MI,NA,Low
26085,MI,Lake,Medium
26087,MI,NA,Low
26089,MI,NA,Low
26091,MI,NA,Low
26093,MI,NA,Low
26095,MI,Luce,Medium
26097,MI,NA,Low
26099,MI,NA,Low
26101,MI,NA,Low
26103,MI,NA,Low
26105,MI,NA,Low
26107,MI,NA,Low
26109,MI,NA,Low
26111,MI,NA,Low
26113,MI,NA,Low
26115,MI,NA,Low
26117,MI,NA,Low
26119,MI,NA,Low
26121,MI,NA,Low
26123,MI,NA,Low
26125,MI,NA,Low
26127,MI,NA,Low
26129,MI,NA,Low
26131,MI,NA,Low
26133,MI,NA,Low
26135,MI,Oscoda,Medium
26137,MI,NA,Low
26139,MI,NA,Low
26141,MI,NA,Low
26143,MI,NA,Low
26145,MI,NA,Low
26147,MI,NA,Low
26149,MI,NA,Low
26151,MI,NA,Low
26153,MI,NA,Low
26155,MI,NA,Low
26157,MI,NA,Low
26159,MI,NA,Low
26161,MI,NA,Low
26163,MI,NA,Low
26165,MI,NA,Low
27001,MN,NA,Low
27003,MN,NA,Low
27005,MN,NA,Low
27007,MN,Beltrami,Medium
27009,MN,NA,Low
27011,MN,NA,Low
27013,MN,NA,Low
27015,MN,NA,Low
27017,MN,Carlton,Medium
27019,MN,NA,Low
27021,MN,NA,Low
27023,MN,NA,Low
27025,MN,NA,Low
27027,MN,NA,Low
27029,MN,Clearwater,Medium
27031,MN,Cook,Medium
27033,MN,NA,Low
27035,MN,NA,Low
27037,MN,NA,Low
27039,MN,NA,Low
27041,MN,NA,Low
27043,MN,NA,Low
27045,MN,NA,Low
27047,MN,NA,Low
27049,MN,NA,Low
27051,MN,NA,Low
27053,MN,NA,Low
27055,MN,NA,Low
27057,MN,Hubbard,Medium
27059,MN,NA,Low
27061,MN,NA,Low
27063,MN,NA,Low
27065,MN,NA,Low
27067,MN,NA,Low
27069,MN,Kittson,Medium
27071,MN,NA,Low
27073,MN,NA,Low
27075,MN,Lake,Medium
27077,MN,NA,Low
27079,MN,NA,Low
27081,MN,NA,Low
27083,MN,NA,Low
27085,MN,NA,Low
27087,MN,NA,Low
27089,MN,Marshall,Medium
27091,MN,NA,Low
27093,MN,NA,Low
27095,MN,NA,Low
27097,MN,NA,Low
27099,MN,NA,Low
27101,MN,NA,Low
27103,MN,NA,Low
27105,MN,NA,Low
27107,MN,NA,Low
27109,MN,NA,Low
27111,MN,NA,Low
27113,MN,NA,Low
27115,MN,NA,Low
27117,MN,NA,Low
27119,MN,NA,Low
27121,MN,NA,Low
27123,MN,NA,Low
27125,MN,NA,Low
27127,MN,NA,Low
27129,MN,NA,Low
27131,MN,NA,Low
27133,MN,NA,Low
27135,MN,Roseau,Medium
27137,MN,NA,Low
27139,MN,NA,Low
27141,MN,NA,Low
27143,MN,NA,Low
27145,MN,NA,Low
27147,MN,NA,Low
27149,MN,NA,Low
27151,MN,NA,Low
27153,MN,NA,Low
27155,MN,NA,Low
27157,MN,NA,Low
27159,MN,Wadena,High
27161,MN,NA,Low
27163,MN,NA,Low
27165,MN,NA,Low
27167,MN,NA,Low
27169,MN,NA,Low
27171,MN,NA,Low
27173,MN,NA,Low
28001,MS,NA,Low
28003,MS,Alcorn,Medium
28005,MS,Amite,High
28007,MS,Attala,High
28009,MS,Benton,Medium
28011,MS,NA,Low
28013,MS,NA,Low
28015,MS,Carroll,Medium
28017,MS,NA,Low
28019,MS,Choctaw,Medium
28021,MS,NA,Low
28023,MS,Clarke,Medium
28025,MS,NA,Low
28027,MS,NA,Low
28029,MS,Copiah,High
28031,MS,Covington,High
28033,MS,NA,Low
28035,MS,Forrest,High
28037,MS,Franklin,High
28039,MS,George,High
28041,MS,Greene,High
28043,MS,Grenada,Medium
28045,MS,Hancock,High
28047,MS,Harrison,High
28049,MS,NA,Low
28051,MS,Holmes,Medium
28053,MS,NA,Low
28055,MS,NA,Low
28057,MS,Itawamba,Medium
28059,MS,Jackson,High
28061,MS,Jasper,Medium
28063,MS,Jefferson,Medium
28065,MS,Jefferson Davis,High
28067,MS,Jones,High
28069,MS,Kemper,Medium
28071,MS,Lafayette,Medium
28073,MS,Lamar,High
28075,MS,Lauderdale,Medium
28077,MS,Lawrence,High
28079,MS,Leake,High
28081,MS,NA,Low
28083,MS,NA,Low
28085,MS,Lincoln,High
28087,MS,NA,Low
28089,MS,Madison,Medium
28091,MS,Marion,High
28093,MS,Marshall,Medium
28095,MS,NA,Low
28097,MS,Montgomery,Medium
28099,MS,Neshoba,Medium
28101,MS,Newton,Medium
28103,MS,NA,Low
28105,MS,NA,Low
28107,MS,NA,Low
28109,MS,Pearl River,High
28111,MS,Perry,High
28113,MS,Pike,High
28115,MS,NA,Low
28117,MS,Prentiss,Medium
28119,MS,NA,Low
28121,MS,NA,Low
28123,MS,Scott,Medium
28125,MS,NA,Low
28127,MS,Simpson,High
28129,MS,Smith,Medium
28131,MS,Stone,High
28133,MS,NA,Low
28135,MS,NA,Low
28137,MS,NA,Low
28139,MS,Tippah,Medium
28141,MS,Tishomingo,High
28143,MS,NA,Low
28145,MS,NA,Low
28147,MS,Walthall,High
28149,MS,NA,Low
28151,MS,NA,Low
28153,MS,Wayne,High
28155,MS,Webster,Medium
28157,MS,Wilkinson,Medium
28159,MS,Winston,Medium
28161,MS,Yalobusha,Medium
28163,MS,NA,Low
29001,MO,NA,Low
29003,MO,NA,Low
29005,MO,NA,Low
29007,MO,NA,Low
29009,MO,NA,Low
29011,MO,NA,Low
29013,MO,NA,Low
29015,MO,NA,Low
29017,MO,NA,Low
29019,MO,NA,Low
29021,MO,NA,Low
29023,MO,NA,Low
29025,MO,NA,Low
29027,MO,NA,Low
29029,MO,NA,Low
29031,MO,NA,Low
29033,MO,NA,Low
29035,MO,NA,Low
29037,MO,NA,Low
29039,MO,NA,Low
29041,MO,NA,Low
29043,MO,NA,Low
29045,MO,NA,Low
29047,MO,NA,Low
29049,MO,NA,Low
29051,MO,NA,Low
29053,MO,NA,Low
29055,MO,NA,Low
29057,MO,NA,Low
29059,MO,NA,Low
29061,MO,NA,Low
29063,MO,NA,Low
29065,MO,NA,Low
29067,MO,NA,Low
29069,MO,NA,Low
29071,MO,NA,Low
29073,MO,NA,Low
29075,MO,NA,Low
29077,MO,NA,Low
29079,MO,NA,Low
29081,MO,NA,Low
29083,MO,NA,Low
29085,MO,NA,Low
29087,MO,NA,Low
29089,MO,NA,Low
29091,MO,NA,Low
29093,MO,NA,Low
29095,MO,NA,Low
29097,MO,NA,Low
29099,MO,NA,Low
29101,MO,NA,Low
29103,MO,NA,Low
29105,MO,NA,Low
29107,MO,NA,Low
29109,MO,NA,Low
29111,MO,NA,Low
29113,MO,NA,Low
29115,MO,NA,Low
29117,MO,NA,Low
29119,MO,NA,Low
29121,MO,NA,Low
29123,MO,NA,Low
29125,MO,NA,Low
29127,MO,NA,Low
29129,MO,NA,Low
29131,MO,NA,Low
29133,MO,NA,Low
29135,MO,NA,Low
29137,MO,NA,Low
29139,MO,NA,Low
29141,MO,NA,Low
29143,MO,NA,Low
29145,MO,NA,Low
29147,MO,NA,Low
29149,MO,NA,Low
29151,MO,NA,Low
29153,MO,NA,Low
29155,MO,NA,Low
29157,MO,NA,Low
29159,MO,NA,Low
29161,MO,NA,Low
29163,MO,NA,Low
29165,MO,NA,Low
29167,MO,NA,Low
29169,MO,NA,Low
29171,MO,NA,Low
29173,MO,NA,Low
29175,MO,NA,Low
29177,MO,NA,Low
29179,MO,NA,Low
29181,MO,NA,Low
29183,MO,NA,Low
29185,MO,NA,Low
29186,MO,NA,Low
29187,MO,NA,Low
29189,MO,NA,Low
29195,MO,NA,Low
29197,MO,NA,Low
29199,MO,NA,Low
29201,MO,NA,Low
29203,MO,NA,Low
29205,MO,NA,Low
29207,MO,NA,Low
29209,MO,NA,Low
29211,MO,NA,Low
29213,MO,NA,Low
29215,MO,NA,Low
29217,MO,NA,Low
29219,MO,NA,Low
29221,MO,NA,Low
29223,MO,NA,Low
29225,MO,NA,Low
29227,MO,NA,Low
29229,MO,NA,Low
29510,MO,NA,Low
30001,MT,Beaverhead,Medium
30003,MT,Big Horn,High
30005,MT,NA,Low
30007,MT,Broadwater,Medium
30009,MT,Carbon,Medium
30011,MT,NA,Low
30013,MT,NA,Low
30015,MT,NA,Low
30017,MT,NA,Low
30019,MT,NA,Low
30021,MT,NA,Low
30023,MT,Deer Lodge,Medium
30025,MT,NA,Low
30027,MT,NA,Low
30029,MT,Flathead,High
30031,MT,Gallatin,Medium
30033,MT,NA,Low
30035,MT,Glacier,Medium
30037,MT,NA,Low
30039,MT,Granite,High
30041,MT,NA,Low
30043,MT,Jefferson,Medium
30045,MT,NA,Low
30047,MT,Lake,High
30049,MT,Lewis and Clark,High
30051,MT,NA,Low
30053,MT,Lincoln,High
30055,MT,NA,Low
30057,MT,NA,Low
30059,MT,Meagher,Medium
30061,MT,Mineral,High
30063,MT,Missoula,High
30065,MT,Musselshell,Medium
30067,MT,Park,Medium
30069,MT,Petroleum,Medium
30071,MT,NA,Low
30073,MT,NA,Low
30075,MT,Powder River,Medium
30077,MT,Powell,High
30079,MT,NA,Low
30081,MT,Ravalli,High
30083,MT,NA,Low
30085,MT,NA,Low
30087,MT,Rosebud,Medium
30089,MT,Sanders,High
30091,MT,NA,Low
30093,MT,Silver Bow,Medium
30095,MT,Stillwater,Medium
30097,MT,NA,Low
30099,MT,NA,Low
30101,MT,NA,Low
30103,MT,NA,Low
30105,MT,NA,Low
30107,MT,NA,Low
30109,MT,NA,Low
30111,MT,Yellowstone,Medium
30113,MT,NA,Low
31001,NE,NA,Low
31003,NE,NA,Low
31005,NE,NA,Low
31007,NE,NA,Low
31009,NE,NA,Low
31011,NE,NA,Low
31013,NE,NA,Low
31015,NE,NA,Low
31017,NE,NA,Low
31019,NE,NA,Low
31021,NE,NA,Low
31023,NE,NA,Low
31025,NE,NA,Low
31027,NE,NA,Low
31029,NE,NA,Low
31031,NE,Cherry,Medium
31033,NE,NA,Low
31035,NE,NA,Low
31037,NE,NA,Low
31039,NE,NA,Low
31041,NE,NA,Low
31043,NE,NA,Low
31045,NE,NA,Low
31047,NE,NA,Low
31049,NE,NA,Low
31051,NE,NA,Low
31053,NE,NA,Low
31055,NE,NA,Low
31057,NE,NA,Low
31059,NE,NA,Low
31061,NE,NA,Low
31063,NE,NA,Low
31065,NE,NA,Low
31067,NE,NA,Low
31069,NE,NA,Low
31071,NE,NA,Low
31073,NE,NA,Low
31075,NE,NA,Low
31077,NE,NA,Low
31079,NE,NA,Low
31081,NE,NA,Low
31083,NE,NA,Low
31085,NE,NA,Low
31087,NE,NA,Low
31089,NE,NA,Low
31091,NE,NA,Low
31093,NE,NA,Low
31095,NE,NA,Low
31097,NE,NA,Low
31099,NE,NA,Low
31101,NE,NA,Low
31103,NE,NA,Low
31105,NE,NA,Low
31107,NE,NA,Low
31109,NE,NA,Low
31111,NE,NA,Low
31113,NE,NA,Low
31115,NE,NA,Low
31117,NE,NA,Low
31119,NE,NA,Low
31121,NE,NA,Low
31123,NE,NA,Low
31125,NE,NA,Low
31127,NE,NA,Low
31129,NE,NA,Low
31131,NE,NA,Low
31133,NE,NA,Low
31135,NE,NA,Low
31137,NE,NA,Low
31139,NE,NA,Low
31141,NE,NA,Low
31143,NE,NA,Low
31145,NE,NA,Low
31147,NE,NA,Low
31149,NE,NA,Low
31151,NE,NA,Low
31153,NE,NA,Low
31155,NE,NA,Low
31157,NE,NA,Low
31159,NE,NA,Low
31161,NE,Sheridan,Medium
31163,NE,NA,Low
31165,NE,NA,Low
31167,NE,NA,Low
31169,NE,NA,Low
31171,NE,NA,Low
31173,NE,NA,Low
31175,NE,NA,Low
31177,NE,NA,Low
31179,NE,NA,Low
31181,NE,NA,Low
31183,NE,NA,Low
31185,NE,NA,Low
32001,NV,Churchill,Medium
32003,NV,Clark,Medium
32005,NV,Douglas,High
32007,NV,Elko,High
32009,NV,NA,Low
32011,NV,Eureka,High
32013,NV,Humboldt,High
32015,NV,Lander,High
32017,NV,Lincoln,High
32019,NV,Lyon,Medium
32021,NV,Mineral,Medium
32023,NV,Nye,Medium
32027,NV,Pershing,High
32029,NV,Storey,High
32031,NV,Washoe,High
32033,NV,White Pine,High
32510,NV,Carson City,High
33001,NH,NA,Low
33003,NH,NA,Low
33005,NH,NA,Low
33007,NH,NA,Low
33009,NH,NA,Low
33011,NH,NA,Low
33013,NH,NA,Low
33015,NH,NA,Low
33017,NH,NA,Low
33019,NH,NA,Low
34001,NJ,Atlantic,High
34003,NJ,NA,Low
34005,NJ,Burlington,High
34007,NJ,NA,Low
34009,NJ,Cape May,High
34011,NJ,Cumberland,Medium
34013,NJ,NA,Low
34015,NJ,NA,Low
34017,NJ,NA,Low
34019,NJ,NA,Low
34021,NJ,NA,Low
34023,NJ,NA,Low
34025,NJ,NA,Low
34027,NJ,NA,Low
34029,NJ,Ocean,High
34031,NJ,NA,Low
34033,NJ,NA,Low
34035,NJ,NA,Low
34037,NJ,NA,Low
34039,NJ,NA,Low
34041,NJ,NA,Low
35001,NM,Bernalillo,Medium
35003,NM,Catron,High
35005,NM,Chaves,Medium
35006,NM,Cibola,Medium
35007,NM,Colfax,Medium
35009,NM,Curry,Medium
35011,NM,De Baca,High
35013,NM,NA,Low
35015,NM,NA,Low
35017,NM,Grant,High
35019,NM,NA,Low
35021,NM,Harding,Medium
35023,NM,NA,Low
35025,NM,Lea,Medium
35027,NM,Lincoln,Medium
35028,NM,Los Alamos,High
35029,NM,NA,Low
35031,NM,McKinley,Medium
35033,NM,Mora,Medium
35035,NM,Otero,Medium
35037,NM,Quay,High
35039,NM,Rio Arriba,High
35041,NM,Roosevelt,High
35043,NM,Sandoval,Medium
35045,NM,NA,Low
35047,NM,San Miguel,High
35049,NM,Santa Fe,High
35051,NM,Sierra,Medium
35053,NM,Socorro,Medium
35055,NM,Taos,Medium
35057,NM,NA,Low
35059,NM,Union,Medium
35061,NM,NA,Low
36001,NY,NA,Low
36003,NY,NA,Low
36005,NY,NA,Low
36007,NY,NA,Low
36009,NY,NA,Low
36011,NY,NA,Low
36013,NY,NA,Low
36015,NY,NA,Low
36017,NY,NA,Low
36019,NY,NA,Low
36021,NY,NA,Low
36023,NY,NA,Low
36025,NY,NA,Low
36027,NY,NA,Low
36029,NY,NA,Low
36031,NY,NA,Low
36033,NY,NA,Low
36035,NY,NA,Low
36037,NY,NA,Low
36039,NY,NA,Low
36041,NY,NA,Low
36043,NY,NA,Low
36045,NY,NA,Low
36047,NY,NA,Low
36049,NY,NA,Low
36051,NY,NA,Low
36053,NY,NA,Low
36055,NY,NA,Low
36057,NY,NA,Low
36059,NY,NA,Low
36061,NY,NA,Low
36063,NY,NA,Low
36065,NY,NA,Low
36067,NY,NA,Low
36069,NY,NA,Low
36071,NY,NA,Low
36073,NY,NA,Low
36075,NY,NA,Low
36077,NY,NA,Low
36079,NY,NA,Low
36081,NY,NA,Low
36083,NY,NA,Low
36085,NY,NA,Low
36087,NY,NA,Low
36089,NY,NA,Low
36091,NY,Saratoga,Medium
36093,NY,NA,Low
36095,NY,NA,Low
36097,NY,NA,Low
36099,NY,NA,Low
36101,NY,NA,Low
36103,NY,NA,Low
36105,NY,NA,Low
36107,NY,NA,Low
36109,NY,NA,Low
36111,NY,NA,Low
36113,NY,Warren,Medium
36115,NY,NA,Low
36117,NY,NA,Low
36119,NY,NA,Low
36121,NY,NA,Low
36123,NY,NA,Low
37001,NC,NA,Low
37003,NC,Alexander,Medium
37005,NC,NA,Low
37007,NC,Anson,High
37009,NC,NA,Low
37011,NC,NA,Low
37013,NC,Beaufort,Medium
37015,NC,NA,Low
37017,NC,Bladen,High
37019,NC,Brunswick,High
37021,NC,NA,Low
37023,NC,NA,Low
37025,NC,NA,Low
37027,NC,NA,Low
37029,NC,NA,Low
37031,NC,Carteret,High
37033,NC,NA,Low
37035,NC,NA,Low
37037,NC,Chatham,Medium
37039,NC,NA,Low
37041,NC,NA,Low
37043,NC,NA,Low
37045,NC,Cleveland,Medium
37047,NC,Columbus,High
37049,NC,Craven,High
37051,NC,Cumberland,High
37053,NC,NA,Low
37055,NC,Dare,High
37057,NC,NA,Low
37059,NC,NA,Low
37061,NC,NA,Low
37063,NC,NA,Low
37065,NC,NA,Low
37067,NC,NA,Low
37069,NC,Franklin,Medium
37071,NC,NA,Low
37073,NC,NA,Low
37075,NC,NA,Low
37077,NC,NA,Low
37079,NC,NA,Low
37081,NC,NA,Low
37083,NC,NA,Low
37085,NC,Harnett,High
37087,NC,NA,Low
37089,NC,NA,Low
37091,NC,NA,Low
37093,NC,Hoke,High
37095,NC,Hyde,Medium
37097,NC,NA,Low
37099,NC,NA,Low
37101,NC,NA,Low
37103,NC,Jones,High
37105,NC,Lee,High
37107,NC,NA,Low
37109,NC,Lincoln,Medium
37111,NC,NA,Low
37113,NC,NA,Low
37115,NC,NA,Low
37117,NC,NA,Low
37119,NC,NA,Low
37121,NC,NA,Low
37123,NC,Montgomery,High
37125,NC,Moore,High
37127,NC,NA,Low
37129,NC,New Hanover,Medium
37131,NC,NA,Low
37133,NC,Onslow,High
37135,NC,NA,Low
37137,NC,Pamlico,High
37139,NC,NA,Low
37141,NC,Pender,High
37143,NC,NA,Low
37145,NC,NA,Low
37147,NC,NA,Low
37149,NC,NA,Low
37151,NC,NA,Low
37153,NC,Richmond,High
37155,NC,NA,Low
37157,NC,NA,Low
37159,NC,NA,Low
37161,NC,NA,Low
37163,NC,NA,Low
37165,NC,Scotland,High
37167,NC,NA,Low
37169,NC,NA,Low
37171,NC,NA,Low
37173,NC,NA,Low
37175,NC,NA,Low
37177,NC,Tyrrell,Medium
37179,NC,NA,Low
37181,NC,NA,Low
37183,NC,NA,Low
37185,NC,Warren,Medium
37187,NC,NA,Low
37189,NC,NA,Low
37191,NC,NA,Low
37193,NC,NA,Low
37195,NC,NA,Low
37197,NC,NA,Low
37199,NC,NA,Low
38001,ND,NA,Low
38003,ND,NA,Low
38005,ND,NA,Low
38007,ND,NA,Low
38009,ND,NA,Low
38011,ND,NA,Low
38013,ND,NA,Low
38015,ND,NA,Low
38017,ND,NA,Low
38019,ND,NA,Low
38021,ND,NA,Low
38023,ND,NA,Low
38025,ND,NA,Low
38027,ND,NA,Low
38029,ND,NA,Low
38031,ND,NA,Low
38033,ND,NA,Low
38035,ND,NA,Low
38037,ND,NA,Low
38039,ND,NA,Low
38041,ND,NA,Low
38043,ND,NA,Low
38045,ND,NA,Low
38047,ND,NA,Low
38049,ND,NA,Low
38051,ND,NA,Low
38053,ND,NA,Low
38055,ND,NA,Low
38057,ND,NA,Low
38059,ND,NA,Low
38061,ND,NA,Low
38063,ND,NA,Low
38065,ND,NA,Low
38067,ND,NA,Low
38069,ND,NA,Low
38071,ND,NA,Low
38073,ND,NA,Low
38075,ND,NA,Low
38077,ND,NA,Low
38079,ND,NA,Low
38081,ND,NA,Low
38083,ND,NA,Low
38085,ND,Sioux,Medium
38087,ND,NA,Low
38089,ND,NA,Low
38091,ND,NA,Low
38093,ND,NA,Low
38095,ND,NA,Low
38097,ND,NA,Low
38099,ND,NA,Low
38101,ND,NA,Low
38103,ND,NA,Low
38105,ND,NA,Low
39001,OH,NA,Low
39003,OH,NA,Low
39005,OH,NA,Low
39007,OH,NA,Low
39009,OH,NA,Low
39011,OH,NA,Low
39013,OH,NA,Low
39015,OH,NA,Low
39017,OH,NA,Low
39019,OH,NA,Low
39021,OH,NA,Low
39023,OH,NA,Low
39025,OH,NA,Low
39027,OH,NA,Low
39029,OH,NA,Low
39031,OH,NA,Low
39033,OH,NA,Low
39035,OH,NA,Low
39037,OH,NA,Low
39039,OH,NA,Low
39041,OH,NA,Low
39043,OH,NA,Low
39045,OH,NA,Low
39047,OH,NA,Low
39049,OH,NA,Low
39051,OH,NA,Low
39053,OH,NA,Low
39055,OH,NA,Low
39057,OH,NA,Low
39059,OH,NA,Low
39061,OH,NA,Low
39063,OH,NA,Low
39065,OH,NA,Low
39067,OH,NA,Low
39069,OH,NA,Low
39071,OH,NA,Low
39073,OH,NA,Low
39075,OH,NA,Low
39077,OH,NA,Low
39079,OH,NA,Low
39081,OH,NA,Low
39083,OH,NA,Low
39085,OH,NA,Low
39087,OH,NA,Low
39089,OH,NA,Low
39091,OH,NA,Low
39093,OH,NA,Low
39095,OH,NA,Low
39097,OH,NA,Low
39099,OH,NA,Low
39101,OH,NA,Low
39103,OH,NA,Low
39105,OH,NA,Low
39107,OH,NA,Low
39109,OH,NA,Low
39111,OH,NA,Low
39113,OH,NA,Low
39115,OH,NA,Low
39117,OH,NA,Low
39119,OH,NA,Low
39121,OH,NA,Low
39123,OH,NA,Low
39125,OH,NA,Low
39127,OH,NA,Low
39129,OH,NA,Low
39131,OH,NA,Low
39133,OH,NA,Low
39135,OH,NA,Low
39137,OH,NA,Low
39139,OH,NA,Low
39141,OH,NA,Low
39143,OH,NA,Low
39145,OH,NA,Low
39147,OH,NA,Low
39149,OH,NA,Low
39151,OH,NA,Low
39153,OH,NA,Low
39155,OH,NA,Low
39157,OH,NA,Low
39159,OH,NA,Low
39161,OH,NA,Low
39163,OH,NA,Low
39165,OH,NA,Low
39167,OH,NA,Low
39169,OH,NA,Low
39171,OH,NA,Low
39173,OH,NA,Low
39175,OH,NA,Low
40001,OK,Adair,High
40003,OK,NA,Low
40005,OK,Atoka,Medium
40007,OK,NA,Low
40009,OK,NA,Low
40011,OK,NA,Low
40013,OK,NA,Low
40015,OK,NA,Low
40017,OK,NA,Low
40019,OK,NA,Low
40021,OK,Cherokee,Medium
40023,OK,Choctaw,Medium
40025,OK,NA,Low
40027,OK,NA,Low
40029,OK,Coal,Medium
40031,OK,NA,Low
40033,OK,NA,Low
40035,OK,NA,Low
40037,OK,NA,Low
40039,OK,NA,Low
40041,OK,Delaware,Medium
40043,OK,NA,Low
40045,OK,NA,Low
40047,OK,NA,Low
40049,OK,NA,Low
40051,OK,NA,Low
40053,OK,NA,Low
40055,OK,NA,Low
40057,OK,NA,Low
40059,OK,Harper,High
40061,OK,Haskell,Medium
40063,OK,NA,Low
40065,OK,NA,Low
40067,OK,NA,Low
40069,OK,NA,Low
40071,OK,NA,Low
40073,OK,NA,Low
40075,OK,NA,Low
40077,OK,Latimer,Medium
40079,OK,Le Flore,Medium
40081,OK,Lincoln,Medium
40083,OK,NA,Low
40085,OK,NA,Low
40087,OK,NA,Low
40089,OK,McCurtain,Medium
40091,OK,NA,Low
40093,OK,NA,Low
40095,OK,NA,Low
40097,OK,Mayes,Medium
40099,OK,NA,Low
40101,OK,Muskogee,Medium
40103,OK,NA,Low
40105,OK,Nowata,Medium
40107,OK,Okfuskee,Medium
40109,OK,NA,Low
40111,OK,Okmulgee,Medium
40113,OK,Osage,Medium
40115,OK,NA,Low
40117,OK,Pawnee,Medium
40119,OK,Payne,Medium
40121,OK,Pittsburg,Medium
40123,OK,NA,Low
40125,OK,Pottawatomie,Medium
40127,OK,Pushmataha,Medium
40129,OK,Roger Mills,Medium
40131,OK,Rogers,Medium
40133,OK,Seminole,Medium
40135,OK,Sequoyah,Medium
40137,OK,NA,Low
40139,OK,NA,Low
40141,OK,NA,Low
40143,OK,NA,Low
40145,OK,NA,Low
40147,OK,Washington,Medium
40149,OK,NA,Low
40151,OK,Woods,Medium
40153,OK,NA,Low
41001,OR,Baker,High
41003,OR,NA,Low
41005,OR,Clackamas,High
41007,OR,NA,Low
41009,OR,NA,Low
41011,OR,NA,Low
41013,OR,Crook,High
41015,OR,Curry,High
41017,OR,Deschutes,High
41019,OR,Douglas,High
41021,OR,Gilliam,High
41023,OR,Grant,High
41025,OR,Harney,Medium
41027,OR,Hood River,High
41029,OR,Jackson,High
41031,OR,Jefferson,High
41033,OR,Josephine,High
41035,OR,Klamath,High
41037,OR,Lake,Medium
41039,OR,Lane,Medium
41041,OR,NA,Low
41043,OR,Linn,Medium
41045,OR,Malheur,High
41047,OR,Marion,Medium
41049,OR,Morrow,High
41051,OR,NA,Low
41053,OR,NA,Low
41055,OR,Sherman,High
41057,OR,NA,Low
41059,OR,Umatilla,High
41061,OR,Union,High
41063,OR,Wallowa,High
41065,OR,Wasco,High
41067,OR,NA,Low
41069,OR,Wheeler,High
41071,OR,NA,Low
42001,PA,NA,Low
42003,PA,NA,Low
42005,PA,NA,Low
42007,PA,NA,Low
42009,PA,NA,Low
42011,PA,NA,Low
42013,PA,NA,Low
42015,PA,NA,Low
42017,PA,NA,Low
42019,PA,NA,Low
42021,PA,NA,Low
42023,PA,NA,Low
42025,PA,NA,Low
42027,PA,NA,Low
42029,PA,NA,Low
42031,PA,NA,Low
42033,PA,NA,Low
42035,PA,NA,Low
42037,PA,NA,Low
42039,PA,NA,Low
42041,PA,NA,Low
42043,PA,NA,Low
42045,PA,NA,Low
42047,PA,NA,Low
42049,PA,NA,Low
42051,PA,NA,Low
42053,PA,NA,Low
42055,PA,NA,Low
42057,PA,NA,Low
42059,PA,NA,Low
42061,PA,NA,Low
42063,PA,NA,Low
42065,PA,NA,Low
42067,PA,NA,Low
42069,PA,NA,Low
42071,PA,NA,Low
42073,PA,NA,Low
42075,PA,NA,Low
42077,PA,NA,Low
42079,PA,NA,Low
42081,PA,NA,Low
42083,PA,NA,Low
42085,PA,NA,Low
42087,PA,NA,Low
42089,PA,NA,Low
42091,PA,NA,Low
42093,PA,NA,Low
42095,PA,NA,Low
42097,PA,NA,Low
42099,PA,NA,Low
42101,PA,NA,Low
42103,PA,NA,Low
42105,PA,NA,Low
42107,PA,NA,Low
42109,PA,NA,Low
42111,PA,NA,Low
42113,PA,NA,Low
42115,PA,NA,Low
42117,PA,NA,Low
42119,PA,NA,Low
42121,PA,NA,Low
42123,PA,NA,Low
42125,PA,NA,Low
42127,PA,NA,Low
42129,PA,NA,Low
42131,PA,NA,Low
42133,PA,NA,Low
44001,RI,NA,Low
44003,RI,NA,Low
44005,RI,NA,Low
44007,RI,NA,Low
44009,RI,NA,Low
45001,SC,Abbeville,Medium
45003,SC,Aiken,High
45005,SC,Allendale,Medium
45007,SC,NA,Low
45009,SC,Bamberg,High
45011,SC,Barnwell,High
45013,SC,Beaufort,High
45015,SC,Berkeley,High
45017,SC,Calhoun,High
45019,SC,Charleston,High
45021,SC,Cherokee,Medium
45023,SC,Chester,Medium
45025,SC,Chesterfield,High
45027,SC,Clarendon,Medium
45029,SC,Colleton,High
45031,SC,NA,Low
45033,SC,NA,Low
45035,SC,Dorchester,High
45037,SC,Edgefield,High
45039,SC,Fairfield,High
45041,SC,Florence,Medium
45043,SC,Georgetown,High
45045,SC,NA,Low
45047,SC,NA,Low
45049,SC,Hampton,High
45051,SC,Horry,High
45053,SC,Jasper,High
45055,SC,Kershaw,High
45057,SC,Lancaster,High
45059,SC,Laurens,Medium
45061,SC,Lee,Medium
45063,SC,Lexington,High
45065,SC,McCormick,Medium
45067,SC,Marion,Medium
45069,SC,Marlboro,Medium
45071,SC,Newberry,Medium
45073,SC,NA,Low
45075,SC,Orangeburg,High
45077,SC,NA,Low
45079,SC,Richland,Medium
45081,SC,Saluda,Medium
45083,SC,NA,Low
45085,SC,Sumter,Medium
45087,SC,Union,Medium
45089,SC,Williamsburg,High
45091,SC,NA,Low
46003,SD,NA,Low
46005,SD,NA,Low
46007,SD,Bennett,Medium
46009,SD,NA,Low
46011,SD,NA,Low
46013,SD,NA,Low
46015,SD,NA,Low
46017,SD,Buffalo,High
46019,SD,NA,Low
46021,SD,Campbell,Medium
46023,SD,NA,Low
46025,SD,NA,Low
46027,SD,NA,Low
46029,SD,NA,Low
46031,SD,NA,Low
46033,SD,Custer,High
46035,SD,NA,Low
46037,SD,NA,Low
46039,SD,NA,Low
46041,SD,NA,Low
46043,SD,NA,Low
46045,SD,NA,Low
46047,SD,Fall River,High
46049,SD,NA,Low
46051,SD,NA,Low
46053,SD,NA,Low
46055,SD,NA,Low
46057,SD,NA,Low
46059,SD,NA,Low
46061,SD,NA,Low
46063,SD,NA,Low
46065,SD,NA,Low
46067,SD,NA,Low
46069,SD,Hyde,Medium
46071,SD,NA,Low
46073,SD,NA,Low
46075,SD,NA,Low
46077,SD,NA,Low
46079,SD,NA,Low
46081,SD,Lawrence,High
46083,SD,NA,Low
46085,SD,NA,Low
46087,SD,NA,Low
46089,SD,NA,Low
46091,SD,NA,Low
46093,SD,Meade,Medium
46095,SD,Mellette,Medium
46097,SD,NA,Low
46099,SD,NA,Low
46101,SD,NA,Low
46103,SD,Pennington,Medium
46105,SD,NA,Low
46107,SD,NA,Low
46109,SD,NA,Low
46111,SD,NA,Low
46113,SD,Shannon,High
46115,SD,NA,Low
46117,SD,NA,Low
46119,SD,NA,Low
46121,SD,Todd,High
46123,SD,NA,Low
46125,SD,NA,Low
46127,SD,NA,Low
46129,SD,NA,Low
46135,SD,NA,Low
46137,SD,NA,Low
47001,TN,NA,Low
47003,TN,NA,Low
47005,TN,NA,Low
47007,TN,Bledsoe,High
47009,TN,NA,Low
47011,TN,NA,Low
47013,TN,NA,Low
47015,TN,NA,Low
47017,TN,NA,Low
47019,TN,NA,Low
47021,TN,NA,Low
47023,TN,NA,Low
47025,TN,Claiborne,Medium
47027,TN,NA,Low
47029,TN,NA,Low
47031,TN,NA,Low
47033,TN,NA,Low
47035,TN,NA,Low
47037,TN,NA,Low
47039,TN,NA,Low
47041,TN,NA,Low
47043,TN,NA,Low
47045,TN,NA,Low
47047,TN,NA,Low
47049,TN,NA,Low
47051,TN,NA,Low
47053,TN,NA,Low
47055,TN,NA,Low
47057,TN,Grainger,Medium
47059,TN,NA,Low
47061,TN,Grundy,High
47063,TN,NA,Low
47065,TN,Hamilton,Medium
47067,TN,Hancock,Medium
47069,TN,NA,Low
47071,TN,NA,Low
47073,TN,NA,Low
47075,TN,NA,Low
47077,TN,NA,Low
47079,TN,NA,Low
47081,TN,NA,Low
47083,TN,NA,Low
47085,TN,NA,Low
47087,TN,NA,Low
47089,TN,NA,Low
47091,TN,NA,Low
47093,TN,NA,Low
47095,TN,NA,Low
47097,TN,NA,Low
47099,TN,NA,Low
47101,TN,NA,Low
47103,TN,NA,Low
47105,TN,NA,Low
47107,TN,NA,Low
47109,TN,NA,Low
47111,TN,NA,Low
47113,TN,NA,Low
47115,TN,Marion,High
47117,TN,NA,Low
47119,TN,NA,Low
47121,TN,NA,Low
47123,TN,NA,Low
47125,TN,NA,Low
47127,TN,NA,Low
47129,TN,NA,Low
47131,TN,NA,Low
47133,TN,NA,Low
47135,TN,NA,Low
47137,TN,NA,Low
47139,TN,NA,Low
47141,TN,NA,Low
47143,TN,NA,Low
47145,TN,NA,Low
47147,TN,NA,Low
47149,TN,NA,Low
47151,TN,NA,Low
47153,TN,Sequatchie,High
47155,TN,NA,Low
47157,TN,NA,Low
47159,TN,NA,Low
47161,TN,NA,Low
47163,TN,NA,Low
47165,TN,NA,Low
47167,TN,NA,Low
47169,TN,NA,Low
47171,TN,NA,Low
47173,TN,NA,Low
47175,TN,Van Buren,Medium
47177,TN,Warren,Medium
47179,TN,NA,Low
47181,TN,NA,Low
47183,TN,NA,Low
47185,TN,NA,Low
47187,TN,NA,Low
47189,TN,NA,Low
48001,TX,Anderson,Medium
48003,TX,NA,Low
48005,TX,Angelina,Medium
48007,TX,NA,Low
48009,TX,Archer,Medium
48011,TX,Armstrong,Medium
48013,TX,NA,Low
48015,TX,NA,Low
48017,TX,NA,Low
48019,TX,NA,Low
48021,TX,Bastrop,Medium
48023,TX,NA,Low
48025,TX,NA,Low
48027,TX,NA,Low
48029,TX,NA,Low
48031,TX,NA,Low
48033,TX,Borden,Medium
48035,TX,NA,Low
48037,TX,Bowie,Medium
48039,TX,NA,Low
48041,TX,NA,Low
48043,TX,NA,Low
48045,TX,Briscoe,Medium
48047,TX,Brooks,Medium
48049,TX,Brown,Medium
48051,TX,NA,Low
48053,TX,Burnet,Medium
48055,TX,NA,Low
48057,TX,NA,Low
48059,TX,Callahan,Medium
48061,TX,NA,Low
48063,TX,Camp,High
48065,TX,NA,Low
48067,TX,Cass,High
48069,TX,NA,Low
48071,TX,Chambers,High
48073,TX,Cherokee,High
48075,TX,NA,Low
48077,TX,Clay,High
48079,TX,NA,Low
48081,TX,Coke,Medium
48083,TX,NA,Low
48085,TX,NA,Low
48087,TX,Collingsworth,Medium
48089,TX,NA,Low
48091,TX,NA,Low
48093,TX,Comanche,Medium
48095,TX,NA,Low
48097,TX,NA,Low
48099,TX,NA,Low
48101,TX,Cottle,Medium
48103,TX,NA,Low
48105,TX,NA,Low
48107,TX,NA,Low
48109,TX,NA,Low
48111,TX,NA,Low
48113,TX,NA,Low
48115,TX,NA,Low
48117,TX,NA,Low
48119,TX,NA,Low
48121,TX,NA,Low
48123,TX,NA,Low
48125,TX,Dickens,Medium
48127,TX,NA,Low
48129,TX,Donley,High
48131,TX,NA,Low
48133,TX,Eastland,High
48135,TX,NA,Low
48137,TX,NA,Low
48139,TX,NA,Low
48141,TX,NA,Low
48143,TX,Erath,High
48145,TX,NA,Low
48147,TX,NA,Low
48149,TX,NA,Low
48151,TX,NA,Low
48153,TX,NA,Low
48155,TX,NA,Low
48157,TX,NA,Low
48159,TX,Franklin,Medium
48161,TX,NA,Low
48163,TX,NA,Low
48165,TX,NA,Low
48167,TX,NA,Low
48169,TX,Garza,High
48171,TX,NA,Low
48173,TX,NA,Low
48175,TX,NA,Low
48177,TX,NA,Low
48179,TX,Gray,Medium
48181,TX,NA,Low
48183,TX,Gregg,Medium
48185,TX,NA,Low
48187,TX,NA,Low
48189,TX,NA,Low
48191,TX,Hall,Medium
48193,TX,Hamilton,Medium
48195,TX,NA,Low
48197,TX,NA,Low
48199,TX,Hardin,Medium
48201,TX,NA,Low
48203,TX,Harrison,High
48205,TX,NA,Low
48207,TX,NA,Low
48209,TX,NA,Low
48211,TX,Hemphill,High
48213,TX,NA,Low
48215,TX,NA,Low
48217,TX,NA,Low
48219,TX,NA,Low
48221,TX,Hood,Medium
48223,TX,Hopkins,Medium
48225,TX,Houston,Medium
48227,TX,NA,Low
48229,TX,NA,Low
48231,TX,Hunt,Medium
48233,TX,Hutchinson,Medium
48235,TX,Irion,Medium
48237,TX,Jack,High
48239,TX,NA,Low
48241,TX,Jasper,High
48243,TX,NA,Low
48245,TX,Jefferson,High
48247,TX,NA,Low
48249,TX,NA,Low
48251,TX,NA,Low
48253,TX,NA,Low
48255,TX,NA,Low
48257,TX,NA,Low
48259,TX,NA,Low
48261,TX,Kenedy,Medium
48263,TX,Kent,High
48265,TX,NA,Low
48267,TX,NA,Low
48269,TX,King,High
48271,TX,NA,Low
48273,TX,NA,Low
48275,TX,NA,Low
48277,TX,Lamar,Medium
48279,TX,NA,Low
48281,TX,NA,Low
48283,TX,NA,Low
48285,TX,NA,Low
48287,TX,NA,Low
48289,TX,NA,Low
48291,TX,NA,Low
48293,TX,NA,Low
48295,TX,NA,Low
48297,TX,NA,Low
48299,TX,NA,Low
48301,TX,NA,Low
48303,TX,NA,Low
48305,TX,NA,Low
48307,TX,NA,Low
48309,TX,NA,Low
48311,TX,NA,Low
48313,TX,NA,Low
48315,TX,Marion,High
48317,TX,NA,Low
48319,TX,NA,Low
48321,TX,NA,Low
48323,TX,NA,Low
48325,TX,NA,Low
48327,TX,NA,Low
48329,TX,NA,Low
48331,TX,NA,Low
48333,TX,NA,Low
48335,TX,Mitchell,Medium
48337,TX,Montague,Medium
48339,TX,Montgomery,Medium
48341,TX,NA,Low
48343,TX,Morris,High
48345,TX,Motley,Medium
48347,TX,Nacogdoches,Medium
48349,TX,NA,Low
48351,TX,Newton,High
48353,TX,Nolan,High
48355,TX,NA,Low
48357,TX,NA,Low
48359,TX,Oldham,High
48361,TX,NA,Low
48363,TX,Palo Pinto,Medium
48365,TX,Panola,High
48367,TX,Parker,High
48369,TX,NA,Low
48371,TX,NA,Low
48373,TX,Polk,Medium
48375,TX,Potter,High
48377,TX,NA,Low
48379,TX,NA,Low
48381,TX,NA,Low
48383,TX,NA,Low
48385,TX,NA,Low
48387,TX,Red River,High
48389,TX,NA,Low
48391,TX,NA,Low
48393,TX,Roberts,Medium
48395,TX,NA,Low
48397,TX,NA,Low
48399,TX,NA,Low
48401,TX,Rusk,High
48403,TX,Sabine,Medium
48405,TX,San Augustine,Medium
48407,TX,San Jacinto,Medium
48409,TX,NA,Low
48411,TX,NA,Low
48413,TX,NA,Low
48415,TX,Scurry,Medium
48417,TX,Shackelford,Medium
48419,TX,Shelby,Medium
48421,TX,NA,Low
48423,TX,Smith,High
48425,TX,Somervell,Medium
48427,TX,NA,Low
48429,TX,Stephens,Medium
48431,TX,Sterling,Medium
48433,TX,Stonewall,Medium
48435,TX,NA,Low
48437,TX,NA,Low
48439,TX,NA,Low
48441,TX,NA,Low
48443,TX,NA,Low
48445,TX,NA,Low
48447,TX,NA,Low
48449,TX,Titus,High
48451,TX,NA,Low
48453,TX,NA,Low
48455,TX,Trinity,Medium
48457,TX,Tyler,High
48459,TX,Upshur,High
48461,TX,NA,Low
48463,TX,NA,Low
48465,TX,NA,Low
48467,TX,NA,Low
48469,TX,NA,Low
48471,TX,Walker,Medium
48473,TX,NA,Low
48475,TX,NA,Low
48477,TX,NA,Low
48479,TX,NA,Low
48481,TX,NA,Low
48483,TX,Wheeler,High
48485,TX,NA,Low
48487,TX,NA,Low
48489,TX,NA,Low
48491,TX,NA,Low
48493,TX,NA,Low
48495,TX,NA,Low
48497,TX,Wise,Medium
48499,TX,Wood,High
48501,TX,NA,Low
48503,TX,Young,Medium
48505,TX,NA,Low
48507,TX,NA,Low
49001,UT,Beaver,High
49003,UT,NA,Low
49005,UT,Cache,Medium
49007,UT,Carbon,Medium
49009,UT,Daggett,Medium
49011,UT,NA,Low
49013,UT,Duchesne,Medium
49015,UT,NA,Low
49017,UT,Garfield,Medium
49019,UT,Grand,Medium
49021,UT,Iron,High
49023,UT,Juab,High
49025,UT,Kane,High
49027,UT,Millard,Medium
49029,UT,Morgan,High
49031,UT,Piute,High
49033,UT,Rich,High
49035,UT,Salt Lake,Medium
49037,UT,San Juan,Medium
49039,UT,Sanpete,High
49041,UT,Sevier,High
49043,UT,Summit,Medium
49045,UT,NA,Low
49047,UT,Uintah,Medium
49049,UT,Utah,High
49051,UT,Wasatch,Medium
49053,UT,Washington,High
49055,UT,NA,Low
49057,UT,Weber,Medium
50001,VT,NA,Low
50003,VT,NA,Low
50005,VT,NA,Low
50007,VT,NA,Low
50009,VT,NA,Low
50011,VT,NA,Low
50013,VT,NA,Low
50015,VT,NA,Low
50017,VT,NA,Low
50019,VT,NA,Low
50021,VT,NA,Low
50023,VT,NA,Low
50025,VT,NA,Low
50027,VT,NA,Low
51001,VA,NA,Low
51003,VA,NA,Low
51005,VA,NA,Low
51007,VA,Amelia,Medium
51009,VA,NA,Low
51011,VA,NA,Low
51013,VA,NA,Low
51015,VA,NA,Low
51017,VA,NA,Low
51019,VA,NA,Low
51021,VA,NA,Low
51023,VA,NA,Low
51025,VA,Brunswick,Medium
51027,VA,NA,Low
51029,VA,NA,Low
51031,VA,NA,Low
51033,VA,NA,Low
51035,VA,NA,Low
51036,VA,NA,Low
51037,VA,NA,Low
51041,VA,NA,Low
51043,VA,NA,Low
51045,VA,NA,Low
51047,VA,NA,Low
51049,VA,NA,Low
51051,VA,NA,Low
51053,VA,NA,Low
51057,VA,NA,Low
51059,VA,NA,Low
51061,VA,NA,Low
51063,VA,NA,Low
51065,VA,NA,Low
51067,VA,NA,Low
51069,VA,Frederick,Medium
51071,VA,NA,Low
51073,VA,NA,Low
51075,VA,NA,Low
51077,VA,NA,Low
51079,VA,NA,Low
51081,VA,NA,Low
51083,VA,NA,Low
51085,VA,NA,Low
51087,VA,NA,Low
51089,VA,NA,Low
51091,VA,NA,Low
51093,VA,NA,Low
51095,VA,NA,Low
51097,VA,NA,Low
51099,VA,NA,Low
51101,VA,NA,Low
51103,VA,NA,Low
51105,VA,Lee,Medium
51107,VA,NA,Low
51109,VA,NA,Low
51111,VA,Lunenburg,Medium
51113,VA,NA,Low
51115,VA,NA,Low
51117,VA,NA,Low
51119,VA,NA,Low
51121,VA,NA,Low
51125,VA,NA,Low
51127,VA,NA,Low
51131,VA,NA,Low
51133,VA,NA,Low
51135,VA,NA,Low
51137,VA,NA,Low
51139,VA,NA,Low
51141,VA,NA,Low
51143,VA,NA,Low
51145,VA,NA,Low
51147,VA,NA,Low
51149,VA,NA,Low
51153,VA,NA,Low
51155,VA,NA,Low
51157,VA,NA,Low
51159,VA,NA,Low
51161,VA,NA,Low
51163,VA,NA,Low
51165,VA,NA,Low
51167,VA,NA,Low
51169,VA,NA,Low
51171,VA,NA,Low
51173,VA,NA,Low
51175,VA,NA,Low
51177,VA,NA,Low
51179,VA,NA,Low
51181,VA,NA,Low
51183,VA,NA,Low
51185,VA,NA,Low
51187,VA,NA,Low
51191,VA,NA,Low
51193,VA,NA,Low
51195,VA,NA,Low
51197,VA,NA,Low
51199,VA,NA,Low
51510,VA,NA,Low
51515,VA,NA,Low
51520,VA,NA,Low
51530,VA,NA,Low
51540,VA,NA,Low
51550,VA,NA,Low
51560,VA,NA,Low
51570,VA,NA,Low
51580,VA,NA,Low
51590,VA,NA,Low
51595,VA,NA,Low
51600,VA,NA,Low
51610,VA,NA,Low
51620,VA,NA,Low
51630,VA,NA,Low
51640,VA,NA,Low
51650,VA,NA,Low
51660,VA,NA,Low
51670,VA,NA,Low
51678,VA,NA,Low
51680,VA,NA,Low
51683,VA,NA,Low
51685,VA,NA,Low
51690,VA,NA,Low
51700,VA,NA,Low
51710,VA,NA,Low
51720,VA,NA,Low
51730,VA,NA,Low
51735,VA,NA,Low
51740,VA,NA,Low
51750,VA,NA,Low
51760,VA,NA,Low
51770,VA,NA,Low
51775,VA,NA,Low
51780,VA,NA,Low
51790,VA,NA,Low
51800,VA,NA,Low
51810,VA,NA,Low
51820,VA,NA,Low
51830,VA,NA,Low
51840,VA,NA,Low
53001,WA,NA,Low
53003,WA,Asotin,High
53005,WA,NA,Low
53007,WA,Chelan,High
53009,WA,NA,Low
53011,WA,NA,Low
53013,WA,Columbia,Medium
53015,WA,NA,Low
53017,WA,Douglas,Medium
53019,WA,Ferry,High
53021,WA,NA,Low
53023,WA,Garfield,Medium
53025,WA,NA,Low
53027,WA,NA,Low
53029,WA,NA,Low
53031,WA,NA,Low
53033,WA,NA,Low
53035,WA,NA,Low
53037,WA,Kittitas,High
53039,WA,Klickitat,High
53041,WA,NA,Low
53043,WA,NA,Low
53045,WA,NA,Low
53047,WA,Okanogan,High
53049,WA,NA,Low
53051,WA,Pend Oreille,High
53053,WA,NA,Low
53055,WA,NA,Low
53057,WA,NA,Low
53059,WA,Skamania,Medium
53061,WA,NA,Low
53063,WA,Spokane,Medium
53065,WA,Stevens,High
53067,WA,Thurston,Medium
53069,WA,NA,Low
53071,WA,NA,Low
53073,WA,NA,Low
53075,WA,NA,Low
53077,WA,Yakima,High
54001,WV,NA,Low
54003,WV,NA,Low
54005,WV,NA,Low
54007,WV,NA,Low
54009,WV,NA,Low
54011,WV,Cabell,Medium
54013,WV,NA,Low
54015,WV,NA,Low
54017,WV,NA,Low
54019,WV,NA,Low
54021,WV,NA,Low
54023,WV,NA,Low
54025,WV,NA,Low
54027,WV,Hampshire,Medium
54029,WV,NA,Low
54031,WV,NA,Low
54033,WV,NA,Low
54035,WV,NA,Low
54037,WV,NA,Low
54039,WV,NA,Low
54041,WV,NA,Low
54043,WV,Lincoln,Medium
54045,WV,NA,Low
54047,WV,NA,Low
54049,WV,NA,Low
54051,WV,NA,Low
54053,WV,NA,Low
54055,WV,NA,Low
54057,WV,NA,Low
54059,WV,NA,Low
54061,WV,NA,Low
54063,WV,NA,Low
54065,WV,Morgan,Medium
54067,WV,NA,Low
54069,WV,NA,Low
54071,WV,NA,Low
54073,WV,NA,Low
54075,WV,NA,Low
54077,WV,NA,Low
54079,WV,Putnam,Medium
54081,WV,NA,Low
54083,WV,NA,Low
54085,WV,NA,Low
54087,WV,NA,Low
54089,WV,NA,Low
54091,WV,NA,Low
54093,WV,NA,Low
54095,WV,NA,Low
54097,WV,NA,Low
54099,WV,Wayne,Medium
54101,WV,NA,Low
54103,WV,NA,Low
54105,WV,NA,Low
54107,WV,NA,Low
54109,WV,NA,Low
55001,WI,NA,Low
55003,WI,NA,Low
55005,WI,NA,Low
55007,WI,NA,Low
55009,WI,NA,Low
55011,WI,NA,Low
55013,WI,NA,Low
55015,WI,NA,Low
55017,WI,NA,Low
55019,WI,NA,Low
55021,WI,NA,Low
55023,WI,NA,Low
55025,WI,NA,Low
55027,WI,NA,Low
55029,WI,NA,Low
55031,WI,NA,Low
55033,WI,NA,Low
55035,WI,NA,Low
55037,WI,NA,Low
55039,WI,NA,Low
55041,WI,NA,Low
55043,WI,NA,Low
55045,WI,NA,Low
55047,WI,NA,Low
55049,WI,NA,Low
55051,WI,Iron,Medium
55053,WI,NA,Low
55055,WI,NA,Low
55057,WI,NA,Low
55059,WI,NA,Low
55061,WI,NA,Low
55063,WI,NA,Low
55065,WI,NA,Low
55067,WI,NA,Low
55069,WI,NA,Low
55071,WI,NA,Low
55073,WI,NA,Low
55075,WI,NA,Low
55077,WI,Marquette,Medium
55078,WI,Menominee,Medium
55079,WI,NA,Low
55081,WI,NA,Low
55083,WI,NA,Low
55085,WI,Oneida,Medium
55087,WI,NA,Low
55089,WI,NA,Low
55091,WI,NA,Low
55093,WI,NA,Low
55095,WI,NA,Low
55097,WI,NA,Low
55099,WI,NA,Low
55101,WI,NA,Low
55103,WI,NA,Low
55105,WI,NA,Low
55107,WI,NA,Low
55109,WI,NA,Low
55111,WI,NA,Low
55113,WI,NA,Low
55115,WI,NA,Low
55117,WI,NA,Low
55119,WI,NA,Low
55121,WI,NA,Low
55123,WI,NA,Low
55125,WI,NA,Low
55127,WI,NA,Low
55129,WI,NA,Low
55131,WI,NA,Low
55133,WI,NA,Low
55135,WI,NA,Low
55137,WI,NA,Low
55139,WI,NA,Low
55141,WI,NA,Low
56001,WY,Albany,Medium
56003,WY,NA,Low
56005,WY,Campbell,High
56007,WY,NA,Low
56009,WY,Converse,High
56011,WY,NA,Low
56013,WY,NA,Low
56015,WY,Goshen,Medium
56017,WY,NA,Low
56019,WY,Johnson,Medium
56021,WY,Laramie,Medium
56023,WY,NA,Low
56025,WY,Natrona,Medium
56027,WY,Niobrara,High
56029,WY,Park,Medium
56031,WY,Platte,High
56033,WY,Sheridan,High
56035,WY,Sublette,Medium
56037,WY,NA,Low
56039,WY,Teton,Medium
56041,WY,Uinta,Medium
56043,WY,Washakie,Medium
56045,WY,NA,Low
60010,AS,NA,Low
60020,AS,NA,Low
60020,AS,NA,Low
60020,AS,NA,Low
60050,AS,NA,Low
66010,MP,NA,Low
66010,GU,NA,Low
69100,MP,NA,Low
69110,MP,NA,Low
69120,MP,NA,Low
69120,MP,NA,Low
72001,PR,NA,Low
72003,PR,NA,Low
72005,PR,NA,Low
72007,PR,NA,Low
72009,PR,NA,Low
72011,PR,NA,Low
72013,PR,NA,Low
72015,PR,NA,Low
72017,PR,NA,Low
72019,PR,NA,Low
72021,PR,NA,Low
72023,PR,NA,Low
72025,PR,NA,Low
72027,PR,NA,Low
72029,PR,NA,Low
72031,PR,NA,Low
72033,PR,NA,Low
72035,PR,NA,Low
72037,PR,NA,Low
72041,PR,NA,Low
72043,PR,NA,Low
72045,PR,NA,Low
72047,PR,NA,Low
72049,PR,NA,Low
72051,PR,NA,Low
72053,PR,NA,Low
72054,PR,NA,Low
72055,PR,NA,Low
72057,PR,NA,Low
72059,PR,NA,Low
72061,PR,NA,Low
72063,PR,NA,Low
72065,PR,NA,Low
72067,PR,NA,Low
72071,PR,NA,Low
72073,PR,NA,Low
72075,PR,NA,Low
72077,PR,NA,Low
72079,PR,NA,Low
72081,PR,NA,Low
72083,PR,NA,Low
72085,PR,NA,Low
72087,PR,NA,Low
72089,PR,NA,Low
72091,PR,NA,Low
72093,PR,NA,Low
72095,PR,NA,Low
72097,PR,NA,Low
72099,PR,NA,Low
72101,PR,NA,Low
72103,PR,NA,Low
72105,PR,NA,Low
72107,PR,NA,Low
72109,PR,NA,Low
72111,PR,NA,Low
72113,PR,NA,Low
72115,PR,NA,Low
72117,PR,NA,Low
72119,PR,NA,Low
72121,PR,NA,Low
72123,PR,NA,Low
72125,PR,NA,Low
72127,PR,NA,Low
72129,PR,NA,Low
72131,PR,NA,Low
72133,PR,NA,Low
72135,PR,NA,Low
72137,PR,NA,Low
72139,PR,NA,Low
72141,PR,NA,Low
72143,PR,NA,Low
72145,PR,NA,Low
72147,PR,NA,Low
72149,PR,NA,Low
72151,PR,NA,Low
72153,PR,NA,Low
78010,VI,NA,Low
78020,VI,NA,Low
78030,VI,NA,Low
